Store, January, February, March, April, Total
Chicago,1345.87,2090.45,787.45,3145.45,7369.219999999999
Palatine,578.45,1167.89,367.98,2458.9,4573.22
Naperville,984.87,1567.89,3967.34,4978.76,11498.86
Gary,376.45,189.47,1089.34,735.87,2391.1299999999997
Niles,987.34,456.89,5487.45,984.24,7915.92
